Timestamp;Cycle Time
28.03.2020 19:51:10;46
28.03.2020 19:51:56;128
28.03.2020 19:54:04;46
28.03.2020 19:54:50;125
28.03.2020 19:56:55;42
28.03.2020 19:57:37;134
28.03.2020 19:59:51;45
28.03.2020 20:00:36;133
28.03.2020 20:02:49;47
28.03.2020 20:03:36;133
28.03.2020 20:05:49;57
28.03.2020 20:06:46;136
28.03.2020 20:09:02;50
28.03.2020 20:09:52;123
28.03.2020 20:11:55;52
28.03.2020 20:12:47;134
28.03.2020 20:15:01;59
28.03.2020 20:16:00;151
28.03.2020 20:18:31;44
28.03.2020 20:19:15;146
28.03.2020 20:21:41;58
28.03.2020 20:22:39;127
28.03.2020 20:24:46;51
28.03.2020 20:25:37;2000
28.03.2020 20:58:57;44
28.03.2020 20:59:41;122
28.03.2020 21:01:43;59
28.03.2020 21:02:42;142
28.03.2020 21:05:04;60
28.03.2020 21:06:04;121
28.03.2020 21:08:05;43
28.03.2020 21:08:48;130
28.03.2020 21:10:58;50
28.03.2020 21:11:48;148
28.03.2020 21:14:16;58
28.03.2020 21:15:14;143
28.03.2020 21:17:37;40
28.03.2020 21:18:17;128
28.03.2020 21:20:25;51
28.03.2020 21:21:16;136
28.03.2020 21:23:32;56
28.03.2020 21:24:28;158
28.03.2020 21:27:06;55
28.03.2020 21:28:01;158
28.03.2020 21:30:39;53
28.03.2020 21:31:32;136
28.03.2020 21:33:48;48
28.03.2020 21:34:36;158
28.03.2020 21:37:14;60
28.03.2020 21:38:14;300
28.03.2020 21:43:14;47
28.03.2020 21:44:01;152
28.03.2020 21:46:33;45
28.03.2020 21:47:18;148
28.03.2020 21:49:46;59
28.03.2020 21:50:45;145
28.03.2020 21:53:10;53
28.03.2020 21:54:03;154
28.03.2020 21:56:37;59
28.03.2020 21:57:36;136
28.03.2020 21:59:52;41
28.03.2020 22:00:33;155
28.03.2020 22:03:08;54
28.03.2020 22:04:02;133
28.03.2020 22:06:15;45
28.03.2020 22:07:00;136
28.03.2020 22:09:16;58
28.03.2020 22:10:14;132
28.03.2020 22:12:26;41
28.03.2020 22:13:07;150
28.03.2020 22:15:37;51
28.03.2020 22:16:28;139
28.03.2020 22:18:47;46
28.03.2020 22:19:33;135
28.03.2020 22:21:48;44
28.03.2020 22:22:32;2500
28.03.2020 23:04:12;49
28.03.2020 23:05:01;155
28.03.2020 23:07:36;46
28.03.2020 23:08:22;139
28.03.2020 23:10:41;50
28.03.2020 23:11:31;134
28.03.2020 23:13:45;56
28.03.2020 23:14:41;131
28.03.2020 23:16:52;45
28.03.2020 23:17:37;156
28.03.2020 23:20:13;44
28.03.2020 23:20:57;121
28.03.2020 23:22:58;56
28.03.2020 23:23:54;144
28.03.2020 23:26:18;60
28.03.2020 23:27:18;128
28.03.2020 23:29:26;57
28.03.2020 23:30:23;121
28.03.2020 23:32:24;51
28.03.2020 23:33:15;129
28.03.2020 23:35:24;1900
29.03.2020 00:07:04;159
29.03.2020 00:09:43;48
29.03.2020 00:10:31;120
29.03.2020 00:12:31;59
29.03.2020 00:13:30;155
29.03.2020 00:16:05;46
29.03.2020 00:16:51;136
29.03.2020 00:19:07;45
29.03.2020 00:19:52;130
29.03.2020 00:22:02;60
29.03.2020 00:23:02;122
29.03.2020 00:25:04;40
29.03.2020 00:25:44;157
29.03.2020 00:28:21;42
29.03.2020 00:29:03;141
29.03.2020 00:31:24;51
29.03.2020 00:32:15;133
29.03.2020 00:34:28;58
29.03.2020 00:35:26;148
29.03.2020 00:37:54;59
29.03.2020 00:38:53;126
29.03.2020 00:40:59;51
29.03.2020 00:41:50;135
29.03.2020 00:44:05;46
29.03.2020 00:44:51;153
29.03.2020 00:47:24;59
29.03.2020 00:48:23;142
29.03.2020 00:50:45;51
29.03.2020 00:51:36;159
29.03.2020 00:54:15;5
29.03.2020 00:54:20;137
29.03.2020 00:56:37;42
29.03.2020 00:57:19;137
29.03.2020 00:59:36;40
29.03.2020 01:00:16;134
29.03.2020 01:02:30;54
29.03.2020 01:03:24;160
29.03.2020 01:06:04;49
29.03.2020 01:06:53;145
29.03.2020 01:09:18;52
29.03.2020 01:10:10;155
29.03.2020 01:12:45;46
29.03.2020 01:13:31;120
29.03.2020 01:15:31;54
29.03.2020 01:16:25;123
29.03.2020 01:18:28;46
29.03.2020 01:19:14;133
29.03.2020 01:21:27;54
29.03.2020 01:22:21;150
29.03.2020 01:24:51;56
29.03.2020 01:25:47;4
29.03.2020 01:25:51;44
29.03.2020 01:26:35;133
29.03.2020 01:28:48;50
29.03.2020 01:29:38;130
29.03.2020 01:31:48;49
29.03.2020 01:32:37;151
29.03.2020 01:35:08;40
29.03.2020 01:35:48;126
29.03.2020 01:37:54;50
29.03.2020 01:38:44;132
29.03.2020 01:40:56;51
29.03.2020 01:41:47;138
29.03.2020 01:44:05;57
29.03.2020 01:45:02;145
29.03.2020 01:47:27;20
29.03.2020 01:47:47;157
29.03.2020 01:50:24;52
29.03.2020 01:51:16;152
29.03.2020 01:53:48;59
29.03.2020 01:54:47;148
29.03.2020 01:57:15;42
29.03.2020 01:57:57;136
29.03.2020 02:00:13;58
29.03.2020 02:01:11;136
29.03.2020 02:03:27;52
29.03.2020 02:04:19;151
29.03.2020 02:06:50;58
29.03.2020 02:07:48;134
29.03.2020 02:10:02;49
29.03.2020 02:10:51;141
29.03.2020 02:13:12;58
29.03.2020 02:14:10;153
29.03.2020 02:16:43;54
29.03.2020 02:17:37;141
29.03.2020 02:19:58;21
29.03.2020 02:20:19;121
29.03.2020 02:22:20;47
29.03.2020 02:23:07;155
29.03.2020 02:25:42;40
29.03.2020 02:26:22;148
29.03.2020 02:28:50;54
29.03.2020 02:29:44;153
29.03.2020 02:32:17;58
29.03.2020 02:33:15;127
29.03.2020 02:35:22;44
29.03.2020 02:36:06;155
29.03.2020 02:38:41;49
29.03.2020 02:39:30;148
29.03.2020 02:41:58;42
29.03.2020 02:42:40;124
29.03.2020 02:44:44;58
29.03.2020 02:45:42;126
29.03.2020 02:47:48;44
29.03.2020 02:48:32;130
29.03.2020 02:50:42;49
29.03.2020 02:51:31;158
29.03.2020 02:54:09;57
29.03.2020 02:55:06;150
29.03.2020 02:57:36;46
29.03.2020 02:58:22;143
29.03.2020 03:00:45;52
29.03.2020 03:01:37;120
29.03.2020 03:03:37;43
29.03.2020 03:04:20;152
29.03.2020 03:06:52;48
29.03.2020 03:07:40;158
29.03.2020 03:10:18;60
29.03.2020 03:11:18;132
29.03.2020 03:13:30;44
29.03.2020 03:14:14;152
29.03.2020 03:16:46;55
29.03.2020 03:17:41;158
29.03.2020 03:20:19;46
29.03.2020 03:21:05;6000
29.03.2020 05:01:05;60
29.03.2020 05:02:05;130
29.03.2020 05:04:15;59
29.03.2020 05:05:14;131
29.03.2020 05:07:25;54
29.03.2020 05:08:19;144
29.03.2020 05:10:43;52
29.03.2020 05:11:35;153
29.03.2020 05:14:08;50
29.03.2020 05:14:58;146
29.03.2020 05:17:24;44
29.03.2020 05:18:08;135
29.03.2020 05:20:23;48
29.03.2020 05:21:11;145
29.03.2020 05:23:36;48
29.03.2020 05:24:24;156
29.03.2020 05:27:00;45
29.03.2020 05:27:45;127
29.03.2020 05:29:52;42
29.03.2020 05:30:34;143
29.03.2020 05:32:57;50
29.03.2020 05:33:47;159
29.03.2020 05:36:26;41
29.03.2020 05:37:07;145
29.03.2020 05:39:32;58
29.03.2020 05:40:30;147
29.03.2020 05:42:57;60
29.03.2020 05:43:57;159
29.03.2020 05:46:36;45
29.03.2020 05:47:21;157
29.03.2020 05:49:58;53
29.03.2020 05:50:51;120
29.03.2020 05:52:51;52
29.03.2020 05:53:43;122
29.03.2020 05:55:45;49
29.03.2020 05:56:34;145
29.03.2020 05:58:59;58
29.03.2020 05:59:57;143
29.03.2020 06:02:20;49
29.03.2020 06:03:09;136
29.03.2020 06:05:25;40
29.03.2020 06:06:05;153
29.03.2020 06:08:38;49
29.03.2020 06:09:27;125
29.03.2020 06:11:32;44
29.03.2020 06:12:16;128
29.03.2020 06:14:24;44
29.03.2020 06:15:08;135
29.03.2020 06:17:23;48
29.03.2020 06:18:11;136
29.03.2020 06:20:27;43
29.03.2020 06:21:10;130
29.03.2020 06:23:20;50
29.03.2020 06:24:10;123
29.03.2020 06:26:13;53
29.03.2020 06:27:06;133
29.03.2020 06:29:19;56
29.03.2020 06:30:15;149
29.03.2020 06:32:44;55
29.03.2020 06:33:39;133
29.03.2020 06:35:52;57
29.03.2020 06:36:49;148
29.03.2020 06:39:17;45
29.03.2020 06:40:02;128
29.03.2020 06:42:10;56
29.03.2020 06:43:06;120
29.03.2020 06:45:06;44
29.03.2020 06:45:50;151
29.03.2020 06:48:21;50
29.03.2020 06:49:11;139
29.03.2020 06:51:30;48
29.03.2020 06:52:18;151
29.03.2020 06:54:49;48
29.03.2020 06:55:37;138
29.03.2020 06:57:55;42
29.03.2020 06:58:37;135
29.03.2020 07:00:52;51
29.03.2020 07:01:43;155
29.03.2020 07:04:18;50
29.03.2020 07:05:08;129
29.03.2020 07:07:17;44
29.03.2020 07:08:01;129
29.03.2020 07:10:10;47
29.03.2020 07:10:57;129
29.03.2020 07:13:06;48
29.03.2020 07:13:54;131
29.03.2020 07:16:05;60
29.03.2020 07:17:05;143
29.03.2020 07:19:28;47
29.03.2020 07:20:15;138
29.03.2020 07:22:33;50
29.03.2020 07:23:23;138
29.03.2020 07:25:41;56
29.03.2020 07:26:37;146
29.03.2020 07:29:03;41
29.03.2020 07:29:44;130
29.03.2020 07:31:54;58
29.03.2020 07:32:52;150
29.03.2020 07:35:22;51
29.03.2020 07:36:13;153
29.03.2020 07:38:46;55
29.03.2020 07:39:41;155
29.03.2020 07:42:16;55
29.03.2020 07:43:11;150
29.03.2020 07:45:41;52
29.03.2020 07:46:33;137
29.03.2020 07:48:50;60
29.03.2020 07:49:50;157
29.03.2020 07:52:27;44
29.03.2020 07:53:11;126
29.03.2020 07:55:17;56
29.03.2020 07:56:13;159
29.03.2020 07:58:52;43
29.03.2020 07:59:35;130
29.03.2020 08:01:45;50
29.03.2020 08:02:35;122
29.03.2020 08:04:37;56
29.03.2020 08:05:33;124
29.03.2020 08:07:37;59
29.03.2020 08:08:36;139
29.03.2020 08:10:55;46
29.03.2020 08:11:41;128
29.03.2020 08:13:49;54
29.03.2020 08:14:43;130
29.03.2020 08:16:53;60
29.03.2020 08:17:53;140
29.03.2020 08:20:13;47
29.03.2020 08:21:00;141
29.03.2020 08:23:21;45
29.03.2020 08:24:06;147
29.03.2020 08:26:33;47
29.03.2020 08:27:20;154
29.03.2020 08:29:54;43
29.03.2020 08:30:37;147
29.03.2020 08:33:04;45
29.03.2020 08:33:49;128
29.03.2020 08:35:57;40
29.03.2020 08:36:37;151
29.03.2020 08:39:08;54
29.03.2020 08:40:02;124
29.03.2020 08:42:06;43
29.03.2020 08:42:49;157
29.03.2020 08:45:26;43
29.03.2020 08:46:09;155
29.03.2020 08:48:44;51
29.03.2020 08:49:35;137
29.03.2020 08:51:52;59
29.03.2020 08:52:51;140
29.03.2020 08:55:11;45
29.03.2020 08:55:56;125
29.03.2020 08:58:01;40
29.03.2020 08:58:41;121
29.03.2020 09:00:42;42
29.03.2020 09:01:24;159
29.03.2020 09:04:03;47
29.03.2020 09:04:50;127
29.03.2020 09:06:57;60
29.03.2020 09:07:57;125
29.03.2020 09:10:02;58
29.03.2020 09:11:00;130
29.03.2020 09:13:10;47
29.03.2020 09:13:57;123
29.03.2020 09:16:00;56
29.03.2020 09:16:56;131
29.03.2020 09:19:07;55
29.03.2020 09:20:02;128
29.03.2020 09:22:10;40
29.03.2020 09:22:50;151
29.03.2020 09:25:21;50
29.03.2020 09:26:11;142
29.03.2020 09:28:33;49
29.03.2020 09:29:22;149
29.03.2020 09:31:51;59
29.03.2020 09:32:50;154
29.03.2020 09:35:24;50
29.03.2020 09:36:14;154
29.03.2020 09:38:48;49
29.03.2020 09:39:37;143
29.03.2020 09:42:00;53
29.03.2020 09:42:53;134
29.03.2020 09:45:07;50
29.03.2020 09:45:57;136
29.03.2020 09:48:13;43
29.03.2020 09:48:56;125
29.03.2020 09:51:01;47
29.03.2020 09:51:48;132
29.03.2020 09:54:00;52
29.03.2020 09:54:52;158
29.03.2020 09:57:30;48
29.03.2020 09:58:18;126
29.03.2020 10:00:24;48
29.03.2020 10:01:12;142
29.03.2020 10:03:34;51
29.03.2020 10:04:25;135
29.03.2020 10:06:40;40
29.03.2020 10:07:20;152
29.03.2020 10:09:52;51
29.03.2020 10:10:43;136
29.03.2020 10:12:59;49
29.03.2020 10:13:48;146
29.03.2020 10:16:14;40
29.03.2020 10:16:54;153
29.03.2020 10:19:27;44
29.03.2020 10:20:11;149
29.03.2020 10:22:40;51
29.03.2020 10:23:31;157
29.03.2020 10:26:08;54
29.03.2020 10:27:02;132
29.03.2020 10:29:14;44
29.03.2020 10:29:58;143
29.03.2020 10:32:21;60
29.03.2020 10:33:21;129
29.03.2020 10:35:30;49
29.03.2020 10:36:19;127
29.03.2020 10:38:26;59
29.03.2020 10:39:25;150
29.03.2020 10:41:55;43
29.03.2020 10:42:38;135
29.03.2020 10:44:53;44
29.03.2020 10:45:37;136
29.03.2020 10:47:53;40
29.03.2020 10:48:33;150
29.03.2020 10:51:03;47
29.03.2020 10:51:50;125
29.03.2020 10:53:55;57
29.03.2020 10:54:52;121
29.03.2020 10:56:53;43
29.03.2020 10:57:36;145
29.03.2020 11:00:01;45
29.03.2020 11:00:46;144
29.03.2020 11:03:10;58
29.03.2020 11:04:08;129
29.03.2020 11:06:17;55
29.03.2020 11:07:12;129
29.03.2020 11:09:21;60
29.03.2020 11:10:21;123
29.03.2020 11:12:24;50
29.03.2020 11:13:14;143
29.03.2020 11:15:37;50
29.03.2020 11:16:27;120
29.03.2020 11:18:27;50
29.03.2020 11:19:17;130
29.03.2020 11:21:27;52
29.03.2020 11:22:19;133
29.03.2020 11:24:32;58
29.03.2020 11:25:30;124
29.03.2020 11:27:34;44
29.03.2020 11:28:18;130
29.03.2020 11:30:28;43
29.03.2020 11:31:11;128
29.03.2020 11:33:19;46
29.03.2020 11:34:05;152
29.03.2020 11:36:37;59
29.03.2020 11:37:36;124
29.03.2020 11:39:40;44
29.03.2020 11:40:24;153
29.03.2020 11:42:57;47
29.03.2020 11:43:44;136
29.03.2020 11:46:00;54
29.03.2020 11:46:54;143
29.03.2020 11:49:17;50
29.03.2020 11:50:07;136
29.03.2020 11:52:23;57
29.03.2020 11:53:20;136
29.03.2020 11:55:36;53
29.03.2020 11:56:29;160
29.03.2020 11:59:09;56
29.03.2020 12:00:05;140
29.03.2020 12:02:25;51
29.03.2020 12:03:16;127
29.03.2020 12:05:23;56
29.03.2020 12:06:19;155
29.03.2020 12:08:54;45
29.03.2020 12:09:39;136
29.03.2020 12:11:55;59
29.03.2020 12:12:54;137
29.03.2020 12:15:11;51
29.03.2020 12:16:02;149
29.03.2020 12:18:31;55
29.03.2020 12:19:26;136
29.03.2020 12:21:42;58
29.03.2020 12:22:40;157
29.03.2020 12:25:17;49
29.03.2020 12:26:06;154
29.03.2020 12:28:40;60
29.03.2020 12:29:40;157
29.03.2020 12:32:17;56
29.03.2020 12:33:13;121
29.03.2020 12:35:14;59
29.03.2020 12:36:13;149
29.03.2020 12:38:42;48
29.03.2020 12:39:30;149
29.03.2020 12:41:59;60
29.03.2020 12:42:59;122
29.03.2020 12:45:01;40
29.03.2020 12:45:41;130
29.03.2020 12:47:51;43
29.03.2020 12:48:34;156
29.03.2020 12:51:10;60
29.03.2020 12:52:10;137
29.03.2020 12:54:27;44
29.03.2020 12:55:11;128
29.03.2020 12:57:19;53
29.03.2020 12:58:12;156
29.03.2020 13:00:48;43
29.03.2020 13:01:31;158
29.03.2020 13:04:09;41
29.03.2020 13:04:50;147
29.03.2020 13:07:17;56
29.03.2020 13:08:13;125
29.03.2020 13:10:18;52
29.03.2020 13:11:10;155
29.03.2020 13:13:45;41
29.03.2020 13:14:26;153
29.03.2020 13:16:59;40
29.03.2020 13:17:39;133
29.03.2020 13:19:52;52
29.03.2020 13:20:44;146
29.03.2020 13:23:10;42
29.03.2020 13:23:52;156
29.03.2020 13:26:28;40
29.03.2020 13:27:08;150
29.03.2020 13:29:38;42
29.03.2020 13:30:20;134
29.03.2020 13:32:34;50
29.03.2020 13:33:24;152
29.03.2020 13:35:56;56
29.03.2020 13:36:52;123
29.03.2020 13:38:55;54
29.03.2020 13:39:49;135
29.03.2020 13:42:04;56
29.03.2020 13:43:00;130
29.03.2020 13:45:10;45
29.03.2020 13:45:55;140
29.03.2020 13:48:15;43
29.03.2020 13:48:58;138
29.03.2020 13:51:16;50
29.03.2020 13:52:06;149
29.03.2020 13:54:35;49
29.03.2020 13:55:24;133
29.03.2020 13:57:37;52
29.03.2020 13:58:29;145
29.03.2020 14:00:54;58
29.03.2020 14:01:52;158
29.03.2020 14:04:30;52
29.03.2020 14:05:22;136
29.03.2020 14:07:38;59
29.03.2020 14:08:37;124
29.03.2020 14:10:41;40
29.03.2020 14:11:21;145
29.03.2020 14:13:46;51
29.03.2020 14:14:37;121
29.03.2020 14:16:38;44
29.03.2020 14:17:22;130
29.03.2020 14:19:32;41
29.03.2020 14:20:13;159
29.03.2020 14:22:52;50
29.03.2020 14:23:42;143
29.03.2020 14:26:05;53
29.03.2020 14:26:58;139
29.03.2020 14:29:17;58
29.03.2020 14:30:15;138
29.03.2020 14:32:33;57
29.03.2020 14:33:30;156
29.03.2020 14:36:06;53
29.03.2020 14:36:59;131
29.03.2020 14:39:10;58
29.03.2020 14:40:08;123
29.03.2020 14:42:11;49
29.03.2020 14:43:00;135
29.03.2020 14:45:15;54
29.03.2020 14:46:09;127
29.03.2020 14:48:16;54
29.03.2020 14:49:10;125
29.03.2020 14:51:15;55
29.03.2020 14:52:10;155
29.03.2020 14:54:45;60
29.03.2020 14:55:45;154
29.03.2020 14:58:19;57
29.03.2020 14:59:16;141
29.03.2020 15:01:37;44
29.03.2020 15:02:21;133
29.03.2020 15:04:34;52
29.03.2020 15:05:26;124
29.03.2020 15:07:30;52
29.03.2020 15:08:22;129
29.03.2020 15:10:31;48
29.03.2020 15:11:19;139
29.03.2020 15:13:38;51
29.03.2020 15:14:29;133
29.03.2020 15:16:42;59
29.03.2020 15:17:41;127
29.03.2020 15:19:48;57
29.03.2020 15:20:45;153
29.03.2020 15:23:18;49
29.03.2020 15:24:07;130
29.03.2020 15:26:17;46
29.03.2020 15:27:03;120
29.03.2020 15:29:03;54
29.03.2020 15:29:57;138
29.03.2020 15:32:15;49
29.03.2020 15:33:04;135
29.03.2020 15:35:19;51
29.03.2020 15:36:10;144
29.03.2020 15:38:34;60
29.03.2020 15:39:34;121
29.03.2020 15:41:35;43
29.03.2020 15:42:18;150
29.03.2020 15:44:48;53
29.03.2020 15:45:41;142
29.03.2020 15:48:03;47
29.03.2020 15:48:50;121
29.03.2020 15:50:51;53
29.03.2020 15:51:44;159
29.03.2020 15:54:23;50
29.03.2020 15:55:13;137
29.03.2020 15:57:30;41
29.03.2020 15:58:11;123
29.03.2020 16:00:14;54
29.03.2020 16:01:08;156
29.03.2020 16:03:44;60
29.03.2020 16:04:44;158
29.03.2020 16:07:22;40
29.03.2020 16:08:02;133
29.03.2020 16:10:15;48
29.03.2020 16:11:03;139
29.03.2020 16:13:22;52
29.03.2020 16:14:14;145
29.03.2020 16:16:39;45
29.03.2020 16:17:24;126
29.03.2020 16:19:30;47
29.03.2020 16:20:17;158
29.03.2020 16:22:55;50
29.03.2020 16:23:45;134
29.03.2020 16:25:59;57
29.03.2020 16:26:56;137
29.03.2020 16:29:13;47
29.03.2020 16:30:00;147
29.03.2020 16:32:27;50
29.03.2020 16:33:17;154
29.03.2020 16:35:51;52
29.03.2020 16:36:43;160
29.03.2020 16:39:23;42
29.03.2020 16:40:05;123
29.03.2020 16:42:08;52
29.03.2020 16:43:00;126
29.03.2020 16:45:06;59
29.03.2020 16:46:05;144
29.03.2020 16:48:29;50
29.03.2020 16:49:19;155
29.03.2020 16:51:54;47
29.03.2020 16:52:41;125
29.03.2020 16:54:46;53
29.03.2020 16:55:39;143
29.03.2020 16:58:02;43
29.03.2020 16:58:45;121
29.03.2020 17:00:46;44
29.03.2020 17:01:30;149
29.03.2020 17:03:59;58
29.03.2020 17:04:57;150
29.03.2020 17:07:27;54
29.03.2020 17:08:21;136
29.03.2020 17:10:37;48
29.03.2020 17:11:25;134
29.03.2020 17:13:39;42
29.03.2020 17:14:21;144
29.03.2020 17:16:45;60
29.03.2020 17:17:45;136
29.03.2020 17:20:01;43
29.03.2020 17:20:44;156
29.03.2020 17:23:20;57
29.03.2020 17:24:17;142
29.03.2020 17:26:39;44
29.03.2020 17:27:23;146
29.03.2020 17:29:49;49
29.03.2020 17:30:38;123
29.03.2020 17:32:41;47
29.03.2020 17:33:28;126
29.03.2020 17:35:34;42
29.03.2020 17:36:16;125
29.03.2020 17:38:21;42
29.03.2020 17:39:03;126
29.03.2020 17:41:09;41
29.03.2020 17:41:50;129
29.03.2020 17:43:59;53
29.03.2020 17:44:52;136
29.03.2020 17:47:08;40
29.03.2020 17:47:48;155
29.03.2020 17:50:23;45
29.03.2020 17:51:08;139
29.03.2020 17:53:27;53
29.03.2020 17:54:20;126
29.03.2020 17:56:26;59
29.03.2020 17:57:25;151
29.03.2020 17:59:56;57
29.03.2020 18:00:53;142
29.03.2020 18:03:15;53
29.03.2020 18:04:08;122
29.03.2020 18:06:10;53
29.03.2020 18:07:03;130
29.03.2020 18:09:13;45
29.03.2020 18:09:58;134
29.03.2020 18:12:12;60
29.03.2020 18:13:12;146
29.03.2020 18:15:38;53
29.03.2020 18:16:31;129
29.03.2020 18:18:40;51
29.03.2020 18:19:31;134
29.03.2020 18:21:45;60
29.03.2020 18:22:45;159
29.03.2020 18:25:24;55
29.03.2020 18:26:19;136
29.03.2020 18:28:35;42
29.03.2020 18:29:17;126
29.03.2020 18:31:23;51
29.03.2020 18:32:14;137
29.03.2020 18:34:31;54
29.03.2020 18:35:25;144
29.03.2020 18:37:49;46
29.03.2020 18:38:35;124
29.03.2020 18:40:39;50
29.03.2020 18:41:29;134
29.03.2020 18:43:43;49
29.03.2020 18:44:32;137
29.03.2020 18:46:49;41
29.03.2020 18:47:30;121
29.03.2020 18:49:31;42
29.03.2020 18:50:13;148
29.03.2020 18:52:41;53
29.03.2020 18:53:34;141
29.03.2020 18:55:55;44
29.03.2020 18:56:39;144
29.03.2020 18:59:03;51
29.03.2020 18:59:54;146
29.03.2020 19:02:20;48
29.03.2020 19:03:08;144
29.03.2020 19:05:32;59
29.03.2020 19:06:31;143
29.03.2020 19:08:54;60
29.03.2020 19:09:54;133
29.03.2020 19:12:07;51
29.03.2020 19:12:58;124
29.03.2020 19:15:02;43
29.03.2020 19:15:45;145
29.03.2020 19:18:10;52
29.03.2020 19:19:02;147
29.03.2020 19:21:29;42
29.03.2020 19:22:11;157
29.03.2020 19:24:48;44
29.03.2020 19:25:32;127
29.03.2020 19:27:39;56
29.03.2020 19:28:35;147
29.03.2020 19:31:02;46
29.03.2020 19:31:48;159
29.03.2020 19:34:27;56
29.03.2020 19:35:23;131
29.03.2020 19:37:34;60
29.03.2020 19:38:34;133
29.03.2020 19:40:47;47
29.03.2020 19:41:34;136
29.03.2020 19:43:50;43
29.03.2020 19:44:33;159
29.03.2020 19:47:12;46
29.03.2020 19:47:58;122
29.03.2020 19:50:00;47
29.03.2020 19:50:47;146
29.03.2020 19:53:13;42
29.03.2020 19:53:55;152
29.03.2020 19:56:27;49
29.03.2020 19:57:16;151
29.03.2020 19:59:47;41
29.03.2020 20:00:28;149
29.03.2020 20:02:57;42
29.03.2020 20:03:39;128
29.03.2020 20:05:47;57
29.03.2020 20:06:44;135
29.03.2020 20:08:59;53
29.03.2020 20:09:52;129
29.03.2020 20:12:01;59
29.03.2020 20:13:00;146
29.03.2020 20:15:26;57
29.03.2020 20:16:23;154
29.03.2020 20:18:57;58
29.03.2020 20:19:55;123
29.03.2020 20:21:58;50
29.03.2020 20:22:48;123
29.03.2020 20:24:51;59
29.03.2020 20:25:50;135
29.03.2020 20:28:05;59
29.03.2020 20:29:04;133
29.03.2020 20:31:17;41
29.03.2020 20:31:58;123
29.03.2020 20:34:01;46
29.03.2020 20:34:47;144
29.03.2020 20:37:11;54
29.03.2020 20:38:05;158
29.03.2020 20:40:43;47
29.03.2020 20:41:30;153
29.03.2020 20:44:03;44
29.03.2020 20:44:47;125
29.03.2020 20:46:52;59
29.03.2020 20:47:51;131
29.03.2020 20:50:02;42
29.03.2020 20:50:44;129
29.03.2020 20:52:53;46
29.03.2020 20:53:39;130
29.03.2020 20:55:49;44
29.03.2020 20:56:33;160
29.03.2020 20:59:13;55
29.03.2020 21:00:08;133
29.03.2020 21:02:21;41
29.03.2020 21:03:02;152
29.03.2020 21:05:34;56
29.03.2020 21:06:30;148
29.03.2020 21:08:58;40
29.03.2020 21:09:38;148
29.03.2020 21:12:06;55
29.03.2020 21:13:01;146
29.03.2020 21:15:27;50
29.03.2020 21:16:17;155
29.03.2020 21:18:52;59
29.03.2020 21:19:51;139
29.03.2020 21:22:10;54
29.03.2020 21:23:04;153
29.03.2020 21:25:37;48
29.03.2020 21:26:25;157
29.03.2020 21:29:02;56
29.03.2020 21:29:58;153
29.03.2020 21:32:31;43
29.03.2020 21:33:14;154
29.03.2020 21:35:48;41
29.03.2020 21:36:29;155
29.03.2020 21:39:04;52
29.03.2020 21:39:56;126
29.03.2020 21:42:02;50
29.03.2020 21:42:52;157
29.03.2020 21:45:29;43
29.03.2020 21:46:12;134
29.03.2020 21:48:26;47
29.03.2020 21:49:13;126
29.03.2020 21:51:19;48
29.03.2020 21:52:07;151
29.03.2020 21:54:38;54
29.03.2020 21:55:32;132
29.03.2020 21:57:44;42
29.03.2020 21:58:26;127
29.03.2020 22:00:33;40
29.03.2020 22:01:13;133
29.03.2020 22:03:26;53
29.03.2020 22:04:19;141
29.03.2020 22:06:40;46
29.03.2020 22:07:26;146
29.03.2020 22:09:52;41
29.03.2020 22:10:33;121
29.03.2020 22:12:34;47
29.03.2020 22:13:21;122
29.03.2020 22:15:23;52
29.03.2020 22:16:15;154
29.03.2020 22:18:49;45
29.03.2020 22:19:34;160
29.03.2020 22:22:14;45
29.03.2020 22:22:59;137
29.03.2020 22:25:16;50
29.03.2020 22:26:06;147
29.03.2020 22:28:33;51
29.03.2020 22:29:24;131
29.03.2020 22:31:35;53
29.03.2020 22:32:28;145
29.03.2020 22:34:53;46
29.03.2020 22:35:39;149
29.03.2020 22:38:08;42
29.03.2020 22:38:50;152
29.03.2020 22:41:22;46
29.03.2020 22:42:08;123
29.03.2020 22:44:11;58
29.03.2020 22:45:09;133
29.03.2020 22:47:22;49
29.03.2020 22:48:11;158
29.03.2020 22:50:49;60
29.03.2020 22:51:49;149
29.03.2020 22:54:18;56
29.03.2020 22:55:14;150
29.03.2020 22:57:44;49
29.03.2020 22:58:33;144
29.03.2020 23:00:57;40
29.03.2020 23:01:37;149
29.03.2020 23:04:06;43
29.03.2020 23:04:49;132
29.03.2020 23:07:01;52
29.03.2020 23:07:53;156
29.03.2020 23:10:29;57
29.03.2020 23:11:26;136
29.03.2020 23:13:42;41
29.03.2020 23:14:23;122
29.03.2020 23:16:25;50
29.03.2020 23:17:15;129
29.03.2020 23:19:24;59
29.03.2020 23:20:23;138
29.03.2020 23:22:41;60
29.03.2020 23:23:41;125
29.03.2020 23:25:46;48
29.03.2020 23:26:34;136
29.03.2020 23:28:50;40
29.03.2020 23:29:30;160
29.03.2020 23:32:10;45
29.03.2020 23:32:55;127
29.03.2020 23:35:02;52
29.03.2020 23:35:54;141
29.03.2020 23:38:15;50
29.03.2020 23:39:05;146
29.03.2020 23:41:31;53
29.03.2020 23:42:24;123
29.03.2020 23:44:27;56
29.03.2020 23:45:23;131
29.03.2020 23:47:34;60
29.03.2020 23:48:34;133
29.03.2020 23:50:47;54
29.03.2020 23:51:41;157
29.03.2020 23:54:18;40
29.03.2020 23:54:58;155
29.03.2020 23:57:33;46
29.03.2020 23:58:19;139
30.03.2020 00:00:38;49
30.03.2020 00:01:27;159
30.03.2020 00:04:06;49
30.03.2020 00:04:55;133
30.03.2020 00:07:08;50
30.03.2020 00:07:58;152
30.03.2020 00:10:30;55
30.03.2020 00:11:25;135
30.03.2020 00:13:40;44
30.03.2020 00:14:24;145
30.03.2020 00:16:49;54
30.03.2020 00:17:43;124
30.03.2020 00:19:47;52
30.03.2020 00:20:39;127
30.03.2020 00:22:46;41
30.03.2020 00:23:27;121
30.03.2020 00:25:28;57
30.03.2020 00:26:25;151
30.03.2020 00:28:56;55
30.03.2020 00:29:51;147
30.03.2020 00:32:18;42
30.03.2020 00:33:00;147
30.03.2020 00:35:27;60
30.03.2020 00:36:27;138
30.03.2020 00:38:45;47
30.03.2020 00:39:32;152
30.03.2020 00:42:04;57
30.03.2020 00:43:01;156
30.03.2020 00:45:37;52
30.03.2020 00:46:29;124
30.03.2020 00:48:33;53
30.03.2020 00:49:26;158
30.03.2020 00:52:04;40
30.03.2020 00:52:44;149
30.03.2020 00:55:13;47
30.03.2020 00:56:00;149
30.03.2020 00:58:29;44
30.03.2020 00:59:13;148
30.03.2020 01:01:41;42
30.03.2020 01:02:23;127
30.03.2020 01:04:30;49
30.03.2020 01:05:19;130
30.03.2020 01:07:29;58
30.03.2020 01:08:27;135
30.03.2020 01:10:42;42
30.03.2020 01:11:24;153
30.03.2020 01:13:57;43
30.03.2020 01:14:40;128
30.03.2020 01:16:48;43
30.03.2020 01:17:31;146
30.03.2020 01:19:57;43
30.03.2020 01:20:40;133
30.03.2020 01:22:53;46
30.03.2020 01:23:39;132
30.03.2020 01:25:51;51
30.03.2020 01:26:42;131
30.03.2020 01:28:53;44
30.03.2020 01:29:37;153
30.03.2020 01:32:10;49
30.03.2020 01:32:59;160
30.03.2020 01:35:39;60
30.03.2020 01:36:39;122
30.03.2020 01:38:41;45
30.03.2020 01:39:26;154
30.03.2020 01:42:00;53
30.03.2020 01:42:53;133
30.03.2020 01:45:06;48
30.03.2020 01:45:54;137
30.03.2020 01:48:11;47
30.03.2020 01:48:58;124
30.03.2020 01:51:02;47
30.03.2020 01:51:49;136
30.03.2020 01:54:05;49
30.03.2020 01:54:54;123
30.03.2020 01:56:57;40
30.03.2020 01:57:37;143
30.03.2020 02:00:00;54
30.03.2020 02:00:54;144
30.03.2020 02:03:18;50
30.03.2020 02:04:08;141
30.03.2020 02:06:29;59
30.03.2020 02:07:28;156
30.03.2020 02:10:04;48
30.03.2020 02:10:52;142
30.03.2020 02:13:14;50
30.03.2020 02:14:04;134
30.03.2020 02:16:18;43
30.03.2020 02:17:01;131
30.03.2020 02:19:12;42
30.03.2020 02:19:54;159
30.03.2020 02:22:33;41
30.03.2020 02:23:14;152
30.03.2020 02:25:46;42
30.03.2020 02:26:28;142
30.03.2020 02:28:50;54
30.03.2020 02:29:44;147
30.03.2020 02:32:11;45
30.03.2020 02:32:56;141
30.03.2020 02:35:17;41
30.03.2020 02:35:58;144
30.03.2020 02:38:22;49
30.03.2020 02:39:11;146
30.03.2020 02:41:37;41
30.03.2020 02:42:18;150
30.03.2020 02:44:48;51
30.03.2020 02:45:39;153
30.03.2020 02:48:12;56
30.03.2020 02:49:08;124
30.03.2020 02:51:12;55
30.03.2020 02:52:07;147
30.03.2020 02:54:34;48
30.03.2020 02:55:22;155
30.03.2020 02:57:57;50
30.03.2020 02:58:47;137
30.03.2020 03:01:04;44
30.03.2020 03:01:48;126
30.03.2020 03:03:54;40
30.03.2020 03:04:34;136
30.03.2020 03:06:50;51
30.03.2020 03:07:41;153
30.03.2020 03:10:14;42
30.03.2020 03:10:56;155
30.03.2020 03:13:31;52
30.03.2020 03:14:23;150
30.03.2020 03:16:53;60
30.03.2020 03:17:53;160
30.03.2020 03:20:33;50
30.03.2020 03:21:23;134
30.03.2020 03:23:37;50
30.03.2020 03:24:27;145
30.03.2020 03:26:52;50
30.03.2020 03:27:42;143
30.03.2020 03:30:05;40
30.03.2020 03:30:45;122
30.03.2020 03:32:47;42
30.03.2020 03:33:29;135
30.03.2020 03:35:44;45
30.03.2020 03:36:29;126
30.03.2020 03:38:35;46
30.03.2020 03:39:21;152
30.03.2020 03:41:53;41
30.03.2020 03:42:34;124
30.03.2020 03:44:38;44
30.03.2020 03:45:22;140
30.03.2020 03:47:42;43
30.03.2020 03:48:25;128
30.03.2020 03:50:33;47
30.03.2020 03:51:20;155
30.03.2020 03:53:55;46
30.03.2020 03:54:41;140
30.03.2020 03:57:01;40
30.03.2020 03:57:41;160
30.03.2020 04:00:21;43
30.03.2020 04:01:04;154
30.03.2020 04:03:38;44
30.03.2020 04:04:22;156
30.03.2020 04:06:58;50
30.03.2020 04:07:48;159
30.03.2020 04:10:27;54
30.03.2020 04:11:21;143
30.03.2020 04:13:44;46
30.03.2020 04:14:30;157
30.03.2020 04:17:07;52
30.03.2020 04:17:59;143
30.03.2020 04:20:22;47
30.03.2020 04:21:09;148
30.03.2020 04:23:37;58
30.03.2020 04:24:35;128
30.03.2020 04:26:43;48
30.03.2020 04:27:31;137
30.03.2020 04:29:48;50
30.03.2020 04:30:38;129
30.03.2020 04:32:47;55
30.03.2020 04:33:42;150
30.03.2020 04:36:12;41
30.03.2020 04:36:53;137
30.03.2020 04:39:10;60
30.03.2020 04:40:10;149
30.03.2020 04:42:39;51
30.03.2020 04:43:30;124
30.03.2020 04:45:34;55
30.03.2020 04:46:29;136
30.03.2020 04:48:45;46
30.03.2020 04:49:31;157
30.03.2020 04:52:08;43
30.03.2020 04:52:51;121
30.03.2020 04:54:52;56
30.03.2020 04:55:48;150
30.03.2020 04:58:18;51
30.03.2020 04:59:09;134
30.03.2020 05:01:23;40
30.03.2020 05:02:03;153
30.03.2020 05:04:36;45
30.03.2020 05:05:21;149
30.03.2020 05:07:50;40
30.03.2020 05:08:30;120
30.03.2020 05:10:30;58
30.03.2020 05:11:28;144
30.03.2020 05:13:52;49
30.03.2020 05:14:41;147
30.03.2020 05:17:08;58
30.03.2020 05:18:06;126
30.03.2020 05:20:12;52
30.03.2020 05:21:04;124
30.03.2020 05:23:08;55
30.03.2020 05:24:03;147
30.03.2020 05:26:30;52
30.03.2020 05:27:22;126
30.03.2020 05:29:28;41
30.03.2020 05:30:09;158
30.03.2020 05:32:47;43
30.03.2020 05:33:30;124
30.03.2020 05:35:34;56
30.03.2020 05:36:30;141
30.03.2020 05:38:51;58
30.03.2020 05:39:49;146
30.03.2020 05:42:15;60
30.03.2020 05:43:15;158
30.03.2020 05:45:53;42
30.03.2020 05:46:35;140
30.03.2020 05:48:55;56
30.03.2020 05:49:51;149
30.03.2020 05:52:20;44
30.03.2020 05:53:04;154
30.03.2020 05:55:38;47
30.03.2020 05:56:25;150
30.03.2020 05:58:55;56
30.03.2020 05:59:51;127
30.03.2020 06:01:58;52
30.03.2020 06:02:50;123
30.03.2020 06:04:53;56
30.03.2020 06:05:49;129
30.03.2020 06:07:58;54
30.03.2020 06:08:52;124
30.03.2020 06:10:56;49
30.03.2020 06:11:45;132
30.03.2020 06:13:57;59
30.03.2020 06:14:56;132
30.03.2020 06:17:08;50
30.03.2020 06:17:58;153
30.03.2020 06:20:31;42
30.03.2020 06:21:13;121
30.03.2020 06:23:14;53
30.03.2020 06:24:07;159
30.03.2020 06:26:46;54
30.03.2020 06:27:40;151
30.03.2020 06:30:11;40
30.03.2020 06:30:51;125
30.03.2020 06:32:56;55
30.03.2020 06:33:51;135
30.03.2020 06:36:06;59
30.03.2020 06:37:05;133
30.03.2020 06:39:18;48
30.03.2020 06:40:06;120
30.03.2020 06:42:06;44
30.03.2020 06:42:50;160
30.03.2020 06:45:30;42
30.03.2020 06:46:12;154
30.03.2020 06:48:46;53
30.03.2020 06:49:39;155
30.03.2020 06:52:14;45
30.03.2020 06:52:59;123
30.03.2020 06:55:02;58
30.03.2020 06:56:00;121
30.03.2020 06:58:01;58
30.03.2020 06:58:59;133
30.03.2020 07:01:12;45
30.03.2020 07:01:57;156
30.03.2020 07:04:33;53
30.03.2020 07:05:26;154
30.03.2020 07:08:00;60
30.03.2020 07:09:00;120
30.03.2020 07:11:00;56
30.03.2020 07:11:56;154
30.03.2020 07:14:30;53
30.03.2020 07:15:23;133
30.03.2020 07:17:36;43
30.03.2020 07:18:19;159
30.03.2020 07:20:58;50
30.03.2020 07:21:48;158
30.03.2020 07:24:26;56
30.03.2020 07:25:22;130
30.03.2020 07:27:32;55
30.03.2020 07:28:27;129
30.03.2020 07:30:36;51
30.03.2020 07:31:27;145
30.03.2020 07:33:52;48
30.03.2020 07:34:40;148
30.03.2020 07:37:08;60
30.03.2020 07:38:08;131
30.03.2020 07:40:19;46
30.03.2020 07:41:05;135
30.03.2020 07:43:20;46
30.03.2020 07:44:06;124
30.03.2020 07:46:10;60
30.03.2020 07:47:10;130
30.03.2020 07:49:20;48
30.03.2020 07:50:08;139
30.03.2020 07:52:27;51
30.03.2020 07:53:18;154
30.03.2020 07:55:52;43
30.03.2020 07:56:35;132
30.03.2020 07:58:47;48
30.03.2020 07:59:35;145
30.03.2020 08:02:00;54
30.03.2020 08:02:54;153
30.03.2020 08:05:27;40
30.03.2020 08:06:07;150
30.03.2020 08:08:37;54
30.03.2020 08:09:31;127
30.03.2020 08:11:38;60
30.03.2020 08:12:38;144
30.03.2020 08:15:02;45
30.03.2020 08:15:47;126
30.03.2020 08:17:53;47
30.03.2020 08:18:40;144
30.03.2020 08:21:04;41
30.03.2020 08:21:45;139
30.03.2020 08:24:04;49
30.03.2020 08:24:53;145
30.03.2020 08:27:18;47
30.03.2020 08:28:05;160
30.03.2020 08:30:45;49
30.03.2020 08:31:34;1000
30.03.2020 08:48:14;43
30.03.2020 08:48:57;149
30.03.2020 08:51:26;49
30.03.2020 08:52:15;157
30.03.2020 08:54:52;57
30.03.2020 08:55:49;155
30.03.2020 08:58:24;50
30.03.2020 08:59:14;159
30.03.2020 09:01:53;45
30.03.2020 09:02:38;125
30.03.2020 09:04:43;46
30.03.2020 09:05:29;135
30.03.2020 09:07:44;49
30.03.2020 09:08:33;120
30.03.2020 09:10:33;58
30.03.2020 09:11:31;132
30.03.2020 09:13:43;50
30.03.2020 09:14:33;156
30.03.2020 09:17:09;55
30.03.2020 09:18:04;152
30.03.2020 09:20:36;42
30.03.2020 09:21:18;132
30.03.2020 09:23:30;60
30.03.2020 09:24:30;142
30.03.2020 09:26:52;51
30.03.2020 09:27:43;126
30.03.2020 09:29:49;48
30.03.2020 09:30:37;135
30.03.2020 09:32:52;43
30.03.2020 09:33:35;130
30.03.2020 09:35:45;59
30.03.2020 09:36:44;145
30.03.2020 09:39:09;45
30.03.2020 09:39:54;158
30.03.2020 09:42:32;56
30.03.2020 09:43:28;159
30.03.2020 09:46:07;58
30.03.2020 09:47:05;152
30.03.2020 09:49:37;58
30.03.2020 09:50:35;2000
30.03.2020 10:23:55;41
30.03.2020 10:24:36;127
30.03.2020 10:26:43;59
30.03.2020 10:27:42;148
30.03.2020 10:30:10;54
30.03.2020 10:31:04;133
30.03.2020 10:33:17;52
30.03.2020 10:34:09;154
30.03.2020 10:36:43;42
30.03.2020 10:37:25;120
30.03.2020 10:39:25;43
30.03.2020 10:40:08;133
30.03.2020 10:42:21;54
30.03.2020 10:43:15;133
30.03.2020 10:45:28;49
30.03.2020 10:46:17;142
30.03.2020 10:48:39;54
30.03.2020 10:49:33;158
30.03.2020 10:52:11;43
30.03.2020 10:52:54;300
30.03.2020 10:57:54;49
30.03.2020 10:58:43;141
30.03.2020 11:01:04;48
30.03.2020 11:01:52;136
30.03.2020 11:04:08;50
30.03.2020 11:04:58;152
30.03.2020 11:07:30;41
30.03.2020 11:08:11;122
30.03.2020 11:10:13;49
30.03.2020 11:11:02;145
30.03.2020 11:13:27;44
30.03.2020 11:14:11;144
30.03.2020 11:16:35;53
30.03.2020 11:17:28;141
30.03.2020 11:19:49;59
30.03.2020 11:20:48;128
30.03.2020 11:22:56;47
30.03.2020 11:23:43;146
30.03.2020 11:26:09;43
30.03.2020 11:26:52;400
30.03.2020 11:33:32;46
30.03.2020 11:34:18;138
30.03.2020 11:36:36;44
30.03.2020 11:37:20;139
30.03.2020 11:39:39;44
30.03.2020 11:40:23;144
30.03.2020 11:42:47;55
30.03.2020 11:43:42;134
30.03.2020 11:45:56;45
30.03.2020 11:46:41;159
30.03.2020 11:49:20;48
30.03.2020 11:50:08;158
30.03.2020 11:52:46;54
30.03.2020 11:53:40;148
30.03.2020 11:56:08;51
30.03.2020 11:56:59;131
30.03.2020 11:59:10;52
30.03.2020 12:00:02;120
30.03.2020 12:02:02;60
30.03.2020 12:03:02;132
30.03.2020 12:05:14;60
30.03.2020 12:06:14;124
30.03.2020 12:08:18;42
30.03.2020 12:09:00;152
30.03.2020 12:11:32;45
30.03.2020 12:12:17;157
30.03.2020 12:14:54;50
30.03.2020 12:15:44;159
30.03.2020 12:18:23;43
30.03.2020 12:19:06;149
30.03.2020 12:21:35;800
30.03.2020 12:34:55;130
30.03.2020 12:37:05;48
30.03.2020 12:37:53;143
30.03.2020 12:40:16;47
30.03.2020 12:41:03;138
30.03.2020 12:43:21;56
30.03.2020 12:44:17;129
30.03.2020 12:46:26;60
30.03.2020 12:47:26;128
30.03.2020 12:49:34;46
30.03.2020 12:50:20;145
30.03.2020 12:52:45;42
30.03.2020 12:53:27;128
30.03.2020 12:55:35;51
30.03.2020 12:56:26;135
30.03.2020 12:58:41;41
30.03.2020 12:59:22;158
30.03.2020 13:02:00;59
30.03.2020 13:02:59;142
30.03.2020 13:05:21;58
30.03.2020 13:06:19;154
30.03.2020 13:08:53;50
30.03.2020 13:09:43;157
30.03.2020 13:12:20;51
30.03.2020 13:13:11;145
30.03.2020 13:15:36;12
30.03.2020 13:15:48;137
30.03.2020 13:18:05;52
30.03.2020 13:18:57;159
30.03.2020 13:21:36;50
30.03.2020 13:22:26;123
30.03.2020 13:24:29;45
30.03.2020 13:25:14;147
30.03.2020 13:27:41;51
30.03.2020 13:28:32;132
30.03.2020 13:30:44;55
30.03.2020 13:31:39;137
30.03.2020 13:33:56;53
30.03.2020 13:34:49;121
30.03.2020 13:36:50;60
30.03.2020 13:37:50;132
30.03.2020 13:40:02;57
30.03.2020 13:40:59;141
30.03.2020 13:43:20;54
30.03.2020 13:44:14;136
30.03.2020 13:46:30;50
30.03.2020 13:47:20;146
30.03.2020 13:49:46;53
30.03.2020 13:50:39;135
30.03.2020 13:52:54;45
30.03.2020 13:53:39;158
30.03.2020 13:56:17;60
30.03.2020 13:57:17;145
30.03.2020 13:59:42;50
30.03.2020 14:00:32;131
30.03.2020 14:02:43;53
30.03.2020 14:03:36;141
30.03.2020 14:05:57;55
30.03.2020 14:06:52;21
30.03.2020 14:07:13;54
30.03.2020 14:08:07;158
30.03.2020 14:10:45;52
30.03.2020 14:11:37;130
30.03.2020 14:13:47;47
30.03.2020 14:14:34;154
30.03.2020 14:17:08;45
30.03.2020 14:17:53;148
30.03.2020 14:20:21;57
30.03.2020 14:21:18;152
30.03.2020 14:23:50;5000
30.03.2020 15:47:10;159
30.03.2020 15:49:49;57
30.03.2020 15:50:46;134
30.03.2020 15:53:00;58
30.03.2020 15:53:58;145
30.03.2020 15:56:23;44
30.03.2020 15:57:07;145
30.03.2020 15:59:32;55
30.03.2020 16:00:27;126
30.03.2020 16:02:33;46
30.03.2020 16:03:19;138
30.03.2020 16:05:37;45
30.03.2020 16:06:22;136
30.03.2020 16:08:38;52
30.03.2020 16:09:30;146
30.03.2020 16:11:56;55
30.03.2020 16:12:51;130
30.03.2020 16:15:01;47
30.03.2020 16:15:48;148
30.03.2020 16:18:16;41
;
;
;
;
;
;
;
;
;
;
;
;
;
;
;
;
;
;
;
;
;
;
;
;
;
;
;
;
;
;
;
;
;
;
;
;
;
;
;
;
;
;
;
;
;
;
;
;
;
;
;
;
;
;
;
;
;
;
;
;
;
;
;
;
;
;
;
;
;
;
;
;
;
;
;
;
;
;
;
;
;
;
;
;
;
;
;
;
;
;
;
;
;
;
;
;
;
;
;
;
;
;
;
;
;
;
;
;
;
;
;
;
;
;
;
;
;
;
;
;
;
;
;
;
;
;
;
;
;
;
;
;
;
;
;
;
;
;
;
;
;
;
;
;
;
;
;
;
;
;
;
;
;
;
;
;
;
;
;
;
;
;
;
;
;
;
;
;
;
;
;
;
;
;
;
;
;
;
;
;
;
;
;
;
;
;
;
;
;
;
;
;
;
;
;
;
;
;
;
;
;
;
;
;
;
;
;
;
;
;
;
;
;
;
;
;
;
;
;
;
;
;
;
;
;
;
;
;
;
;
;
;
;
;
;
;
;
;
;
;
;
;
;
;
;
;
;
;
;
;
;
;
;
;
;
;
;
;
;
;
;
;
;
;
;
;
;
;
;
;
;
;
;
;
;
;
;
;
;
;
;
;
;
;
;
;
;
;
;
;
;
;
;
;
;
;
;
;
;
;
;
;
;
;
;
;
;
;
;
;
;
;
;
;
;
;
;
;
;
;
;
;
;
;
;
;
;
;
;
;
;
;
;
;
;
;
;
;
;
;
;
;
;
;
;
;
;
;
;
;
;
;
;
;
;
;
;
;
;
;
;
;
;
;
;
;
;
;
;
;
;
;
;
;
;
;
;
;
;
;
;
;
;
;
;
;
;
;
;
;
;
;
;
;
;
;
;
;
;
;
;
;
;
;
;
;
;
;
;
;
;
;
;
;
;
;
;
;
;
;
;
;
;
;
;
;
;
;
;
;
;
;
;
;
;
;
;
;
;
;
;
;
;
;
;
;
;
;
;
;
;
;
;
;
;
;
;
;
;
;
;
;
;
;
;
;
;
;
;
;
;
;
;
;
;
